{
  "project_info": {
    "project_number": "869690222194",
    "project_id": "aulamobile-51716",
    "storage_bucket": "aulamobile-51716.appspot.com"
  },
  "client": [
    {
      "client_info": {
        "mobilesdk_app_id": "1:869690222194:android:afd6dd7ee298b9ad4244eb",
        "android_client_info": {
          "package_name": "br.rhuan.appfirebase2"
        }
      },
      "oauth_client": [
        {
          "client_id": "869690222194-a4iitc0ot03v2gbvqvib09m4agqc6alu.apps.googleusercontent.com",
          "client_type": 3
        }
      ],
      "api_key": [
        {
          "current_key": "AIzaSyDCzO_ZbobJV67Pf3m5SFLnaUWvr1r9_Mc"
        }
      ],
      "services": {
        "appinvite_service": {
          "other_platform_oauth_client": [
            {
              "client_id": "869690222194-a4iitc0ot03v2gbvqvib09m4agqc6alu.apps.googleusercontent.com",
              "client_type": 3
            }
          ]
        }
      }
    }
  ],
  "configuration_version": "1"
}